PRAGMA foreign_keys=OFF;
BEGIN TRANSACTION;
CREATE TABLE IF NOT EXISTS "django_migrations" ("id" integer NOT NULL PRIMARY KEY AUTOINCREMENT, "app" varchar(255) NOT NULL, "name" varchar(255) NOT NULL, "applied" datetime NOT NULL);
INSERT INTO django_migrations VALUES(1,'API','0001_initial','2021-12-08 17:15:32.604318');
INSERT INTO django_migrations VALUES(2,'contenttypes','0001_initial','2021-12-08 17:15:32.627333');
INSERT INTO django_migrations VALUES(3,'auth','0001_initial','2021-12-08 17:15:32.686319');
INSERT INTO django_migrations VALUES(4,'admin','0001_initial','2021-12-08 17:15:32.727317');
INSERT INTO django_migrations VALUES(5,'admin','0002_logentry_remove_auto_add','2021-12-08 17:15:32.762323');
INSERT INTO django_migrations VALUES(6,'admin','0003_logentry_add_action_flag_choices','2021-12-08 17:15:32.802329');
INSERT INTO django_migrations VALUES(7,'contenttypes','0002_remove_content_type_name','2021-12-08 17:15:32.858315');
INSERT INTO django_migrations VALUES(8,'auth','0002_alter_permission_name_max_length','2021-12-08 17:15:32.887317');
INSERT INTO django_migrations VALUES(9,'auth','0003_alter_user_email_max_length','2021-12-08 17:15:32.909312');
INSERT INTO django_migrations VALUES(10,'auth','0004_alter_user_username_opts','2021-12-08 17:15:32.932318');
INSERT INTO django_migrations VALUES(11,'auth','0005_alter_user_last_login_null','2021-12-08 17:15:32.956312');
INSERT INTO django_migrations VALUES(12,'auth','0006_require_contenttypes_0002','2021-12-08 17:15:32.964319');
INSERT INTO django_migrations VALUES(13,'auth','0007_alter_validators_add_error_messages','2021-12-08 17:15:32.980315');
INSERT INTO django_migrations VALUES(14,'auth','0008_alter_user_username_max_length','2021-12-08 17:15:33.002313');
INSERT INTO django_migrations VALUES(15,'auth','0009_alter_user_last_name_max_length','2021-12-08 17:15:33.035326');
INSERT INTO django_migrations VALUES(16,'auth','0010_alter_group_name_max_length','2021-12-08 17:15:33.055319');
INSERT INTO django_migrations VALUES(17,'auth','0011_update_proxy_permissions','2021-12-08 17:15:33.076321');
INSERT INTO django_migrations VALUES(18,'auth','0012_alter_user_first_name_max_length','2021-12-08 17:15:33.100318');
INSERT INTO django_migrations VALUES(19,'sessions','0001_initial','2021-12-08 17:15:33.125316');
INSERT INTO django_migrations VALUES(20,'API','0002_error','2021-12-09 13:43:53.937310');
INSERT INTO django_migrations VALUES(21,'API','0003_rename_user_userprofile','2021-12-09 14:48:01.101436');
INSERT INTO django_migrations VALUES(22,'API','0004_alter_userprofile_id','2021-12-10 10:32:11.881311');
INSERT INTO django_migrations VALUES(23,'API','0005_alter_userprofile_id','2021-12-10 10:38:35.370542');
INSERT INTO django_migrations VALUES(24,'API','0006_delete_error_alter_histories_date','2021-12-10 14:02:53.330637');
INSERT INTO django_migrations VALUES(25,'API','0007_alter_histories_id','2021-12-10 14:04:29.645057');
INSERT INTO django_migrations VALUES(26,'API','0008_alter_countries_id_alter_types_id','2021-12-10 14:16:45.566401');
INSERT INTO django_migrations VALUES(27,'API','0009_histories_number','2021-12-10 15:49:13.381740');
INSERT INTO django_migrations VALUES(28,'API','0010_rename_ru_title_types_title','2022-01-01 14:13:36.035410');
INSERT INTO django_migrations VALUES(29,'API','0011_remove_histories_date_remove_histories_description_and_more','2022-01-01 14:13:36.056368');
CREATE TABLE IF NOT EXISTS "auth_group_permissions" ("id" integer NOT NULL PRIMARY KEY AUTOINCREMENT, "group_id" integer NOT NULL REFERENCES "auth_group" ("id") DEFERRABLE INITIALLY DEFERRED, "permission_id" integer NOT NULL REFERENCES "auth_permission" ("id") DEFERRABLE INITIALLY DEFERRED);
CREATE TABLE IF NOT EXISTS "auth_user_groups" ("id" integer NOT NULL PRIMARY KEY AUTOINCREMENT, "user_id" integer NOT NULL REFERENCES "auth_user" ("id") DEFERRABLE INITIALLY DEFERRED, "group_id" integer NOT NULL REFERENCES "auth_group" ("id") DEFERRABLE INITIALLY DEFERRED);
CREATE TABLE IF NOT EXISTS "auth_user_user_permissions" ("id" integer NOT NULL PRIMARY KEY AUTOINCREMENT, "user_id" integer NOT NULL REFERENCES "auth_user" ("id") DEFERRABLE INITIALLY DEFERRED, "permission_id" integer NOT NULL REFERENCES "auth_permission" ("id") DEFERRABLE INITIALLY DEFERRED);
CREATE TABLE IF NOT EXISTS "django_admin_log" ("id" integer NOT NULL PRIMARY KEY AUTOINCREMENT, "action_time" datetime NOT NULL, "object_id" text NULL, "object_repr" varchar(200) NOT NULL, "change_message" text NOT NULL, "content_type_id" integer NULL REFERENCES "django_content_type" ("id") DEFERRABLE INITIALLY DEFERRED, "user_id" integer NOT NULL REFERENCES "auth_user" ("id") DEFERRABLE INITIALLY DEFERRED, "action_flag" smallint unsigned NOT NULL CHECK ("action_flag" >= 0));
CREATE TABLE IF NOT EXISTS "django_content_type" ("id" integer NOT NULL PRIMARY KEY AUTOINCREMENT, "app_label" varchar(100) NOT NULL, "model" varchar(100) NOT NULL);
INSERT INTO django_content_type VALUES(1,'admin','logentry');
INSERT INTO django_content_type VALUES(2,'auth','permission');
INSERT INTO django_content_type VALUES(3,'auth','group');
INSERT INTO django_content_type VALUES(4,'auth','user');
INSERT INTO django_content_type VALUES(5,'contenttypes','contenttype');
INSERT INTO django_content_type VALUES(6,'sessions','session');
INSERT INTO django_content_type VALUES(7,'API','countries');
INSERT INTO django_content_type VALUES(8,'API','types');
INSERT INTO django_content_type VALUES(9,'API','userprofile');
INSERT INTO django_content_type VALUES(10,'API','histories');
INSERT INTO django_content_type VALUES(11,'API','error');
INSERT INTO django_content_type VALUES(12,'API','fact');
CREATE TABLE IF NOT EXISTS "auth_permission" ("id" integer NOT NULL PRIMARY KEY AUTOINCREMENT, "content_type_id" integer NOT NULL REFERENCES "django_content_type" ("id") DEFERRABLE INITIALLY DEFERRED, "codename" varchar(100) NOT NULL, "name" varchar(255) NOT NULL);
INSERT INTO auth_permission VALUES(1,1,'add_logentry','Can add log entry');
INSERT INTO auth_permission VALUES(2,1,'change_logentry','Can change log entry');
INSERT INTO auth_permission VALUES(3,1,'delete_logentry','Can delete log entry');
INSERT INTO auth_permission VALUES(4,1,'view_logentry','Can view log entry');
INSERT INTO auth_permission VALUES(5,2,'add_permission','Can add permission');
INSERT INTO auth_permission VALUES(6,2,'change_permission','Can change permission');
INSERT INTO auth_permission VALUES(7,2,'delete_permission','Can delete permission');
INSERT INTO auth_permission VALUES(8,2,'view_permission','Can view permission');
INSERT INTO auth_permission VALUES(9,3,'add_group','Can add group');
INSERT INTO auth_permission VALUES(10,3,'change_group','Can change group');
INSERT INTO auth_permission VALUES(11,3,'delete_group','Can delete group');
INSERT INTO auth_permission VALUES(12,3,'view_group','Can view group');
INSERT INTO auth_permission VALUES(13,4,'add_user','Can add user');
INSERT INTO auth_permission VALUES(14,4,'change_user','Can change user');
INSERT INTO auth_permission VALUES(15,4,'delete_user','Can delete user');
INSERT INTO auth_permission VALUES(16,4,'view_user','Can view user');
INSERT INTO auth_permission VALUES(17,5,'add_contenttype','Can add content type');
INSERT INTO auth_permission VALUES(18,5,'change_contenttype','Can change content type');
INSERT INTO auth_permission VALUES(19,5,'delete_contenttype','Can delete content type');
INSERT INTO auth_permission VALUES(20,5,'view_contenttype','Can view content type');
INSERT INTO auth_permission VALUES(21,6,'add_session','Can add session');
INSERT INTO auth_permission VALUES(22,6,'change_session','Can change session');
INSERT INTO auth_permission VALUES(23,6,'delete_session','Can delete session');
INSERT INTO auth_permission VALUES(24,6,'view_session','Can view session');
INSERT INTO auth_permission VALUES(25,7,'add_countries','Can add countries');
INSERT INTO auth_permission VALUES(26,7,'change_countries','Can change countries');
INSERT INTO auth_permission VALUES(27,7,'delete_countries','Can delete countries');
INSERT INTO auth_permission VALUES(28,7,'view_countries','Can view countries');
INSERT INTO auth_permission VALUES(29,8,'add_types','Can add types');
INSERT INTO auth_permission VALUES(30,8,'change_types','Can change types');
INSERT INTO auth_permission VALUES(31,8,'delete_types','Can delete types');
INSERT INTO auth_permission VALUES(32,8,'view_types','Can view types');
INSERT INTO auth_permission VALUES(33,9,'add_user','Can add user');
INSERT INTO auth_permission VALUES(34,9,'change_user','Can change user');
INSERT INTO auth_permission VALUES(35,9,'delete_user','Can delete user');
INSERT INTO auth_permission VALUES(36,9,'view_user','Can view user');
INSERT INTO auth_permission VALUES(37,10,'add_histories','Can add histories');
INSERT INTO auth_permission VALUES(38,10,'change_histories','Can change histories');
INSERT INTO auth_permission VALUES(39,10,'delete_histories','Can delete histories');
INSERT INTO auth_permission VALUES(40,10,'view_histories','Can view histories');
INSERT INTO auth_permission VALUES(41,11,'add_error','Can add error');
INSERT INTO auth_permission VALUES(42,11,'change_error','Can change error');
INSERT INTO auth_permission VALUES(43,11,'delete_error','Can delete error');
INSERT INTO auth_permission VALUES(44,11,'view_error','Can view error');
INSERT INTO auth_permission VALUES(45,9,'add_userprofile','Can add user profile');
INSERT INTO auth_permission VALUES(46,9,'change_userprofile','Can change user profile');
INSERT INTO auth_permission VALUES(47,9,'delete_userprofile','Can delete user profile');
INSERT INTO auth_permission VALUES(48,9,'view_userprofile','Can view user profile');
INSERT INTO auth_permission VALUES(49,12,'add_fact','Can add fact');
INSERT INTO auth_permission VALUES(50,12,'change_fact','Can change fact');
INSERT INTO auth_permission VALUES(51,12,'delete_fact','Can delete fact');
INSERT INTO auth_permission VALUES(52,12,'view_fact','Can view fact');
CREATE TABLE IF NOT EXISTS "auth_group" ("id" integer NOT NULL PRIMARY KEY AUTOINCREMENT, "name" varchar(150) NOT NULL UNIQUE);
CREATE TABLE IF NOT EXISTS "auth_user" ("id" integer NOT NULL PRIMARY KEY AUTOINCREMENT, "password" varchar(128) NOT NULL, "last_login" datetime NULL, "is_superuser" bool NOT NULL, "username" varchar(150) NOT NULL UNIQUE, "last_name" varchar(150) NOT NULL, "email" varchar(254) NOT NULL, "is_staff" bool NOT NULL, "is_active" bool NOT NULL, "date_joined" datetime NOT NULL, "first_name" varchar(150) NOT NULL);
CREATE TABLE IF NOT EXISTS "django_session" ("session_key" varchar(40) NOT NULL PRIMARY KEY, "session_data" text NOT NULL, "expire_date" datetime NOT NULL);
CREATE TABLE IF NOT EXISTS "API_userprofile" ("login" varchar(30) NOT NULL, "password" varchar(30) NOT NULL, "country_id" bigint NULL, "id" integer NOT NULL PRIMARY KEY AUTOINCREMENT);
CREATE TABLE IF NOT EXISTS "API_countries" ("title" text NULL, "prefix" text NULL, "id" integer NOT NULL PRIMARY KEY AUTOINCREMENT);
INSERT INTO API_countries VALUES('Russia','ru',1);
INSERT INTO API_countries VALUES('English','en',2);
INSERT INTO API_countries VALUES('Kazakh','kk',3);
CREATE TABLE IF NOT EXISTS "API_types" ("title" text NULL, "en_title" text NULL, "id" integer NOT NULL PRIMARY KEY AUTOINCREMENT);
INSERT INTO API_types VALUES('year','year',1);
INSERT INTO API_types VALUES('trivia','trivia',2);
INSERT INTO API_types VALUES('math','math',3);
CREATE TABLE IF NOT EXISTS "API_fact" ("id" integer NOT NULL PRIMARY KEY AUTOINCREMENT, "number" integer NULL, "date" datetime NOT NULL, "description" text NULL, "type_id" bigint NULL);
CREATE TABLE IF NOT EXISTS "API_histories" ("id" integer NOT NULL PRIMARY KEY AUTOINCREMENT, "user_id" bigint NULL, "fact_id" bigint NULL);
DELETE FROM sqlite_sequence;
INSERT INTO sqlite_sequence VALUES('django_migrations',29);
INSERT INTO sqlite_sequence VALUES('django_admin_log',0);
INSERT INTO sqlite_sequence VALUES('django_content_type',12);
INSERT INTO sqlite_sequence VALUES('auth_permission',52);
INSERT INTO sqlite_sequence VALUES('auth_group',0);
INSERT INTO sqlite_sequence VALUES('auth_user',0);
INSERT INTO sqlite_sequence VALUES('API_userprofile',31);
INSERT INTO sqlite_sequence VALUES('API_countries',3);
INSERT INTO sqlite_sequence VALUES('API_types',3);
INSERT INTO sqlite_sequence VALUES('API_histories',61);
INSERT INTO sqlite_sequence VALUES('API_fact',53);
CREATE UNIQUE INDEX "auth_group_permissions_group_id_permission_id_0cd325b0_uniq" ON "auth_group_permissions" ("group_id", "permission_id");
CREATE INDEX "auth_group_permissions_group_id_b120cbf9" ON "auth_group_permissions" ("group_id");
CREATE INDEX "auth_group_permissions_permission_id_84c5c92e" ON "auth_group_permissions" ("permission_id");
CREATE UNIQUE INDEX "auth_user_groups_user_id_group_id_94350c0c_uniq" ON "auth_user_groups" ("user_id", "group_id");
CREATE INDEX "auth_user_groups_user_id_6a12ed8b" ON "auth_user_groups" ("user_id");
CREATE INDEX "auth_user_groups_group_id_97559544" ON "auth_user_groups" ("group_id");
CREATE UNIQUE INDEX "auth_user_user_permissions_user_id_permission_id_14a6b632_uniq" ON "auth_user_user_permissions" ("user_id", "permission_id");
CREATE INDEX "auth_user_user_permissions_user_id_a95ead1b" ON "auth_user_user_permissions" ("user_id");
CREATE INDEX "auth_user_user_permissions_permission_id_1fbb5f2c" ON "auth_user_user_permissions" ("permission_id");
CREATE INDEX "django_admin_log_content_type_id_c4bce8eb" ON "django_admin_log" ("content_type_id");
CREATE INDEX "django_admin_log_user_id_c564eba6" ON "django_admin_log" ("user_id");
CREATE UNIQUE INDEX "django_content_type_app_label_model_76bd3d3b_uniq" ON "django_content_type" ("app_label", "model");
CREATE UNIQUE INDEX "auth_permission_content_type_id_codename_01ab375a_uniq" ON "auth_permission" ("content_type_id", "codename");
CREATE INDEX "auth_permission_content_type_id_2f476e4b" ON "auth_permission" ("content_type_id");
CREATE INDEX "django_session_expire_date_a5c62663" ON "django_session" ("expire_date");
CREATE INDEX "API_userprofile_country_id_2b63152c" ON "API_userprofile" ("country_id");
CREATE INDEX "API_fact_type_id_bdd2bdb6" ON "API_fact" ("type_id");
CREATE INDEX "API_histories_user_id_fd33e3ce" ON "API_histories" ("user_id");
CREATE INDEX "API_histories_fact_id_cd37e14d" ON "API_histories" ("fact_id");
COMMIT;
